{"train": [4.596640907524329, 4.192004715903453, 3.9689364052291114, 3.6604011431746355, 3.133910260107172], "val": [5.618068223448872, 5.522602547990515, 5.604539070593187, 5.559256698875079, 5.583595936783904]}